Offer Name,Tracking Link
Whole House Water Filtration System,https://www.springwellwater.com/product/water-filters/whole-house-water-filters/?oid=1&affid=40
Salt Free Water Softener System,https://www.springwellwater.com/product/water-softeners/salt-free-water-softeners/?oid=2&affid=40
Well Water Filtration System,https://www.springwellwater.com/product/well-water/whole-house-iron-filter/?oid=3&affid=40
Water Filter and Salt-Free Water Softener,https://www.springwellwater.com/product/dual-systems/water-filter-salt-free-softener/?oid=4&affid=40
Well Water + Salt Based Softener Combo,https://www.springwellwater.com/product/well-water/well-water-filter-and-salt-based-water-softener/?oid=5&affid=40
Well Water + Salt Free Softener Combo,https://www.springwellwater.com/product/well-water/well-water-filter-and-salt-free-water-softener/?oid=6&affid=40
Whole House Lead & Cyst Removal System,https://www.springwellwater.com/product/water-filters/whole-house-lead-cyst-removal-system/?oid=7&affid=40
Water Testing Kit,https://www.springwellwater.com/product/water-testing/water-test-kit/?oid=8&affid=40
Salt Based Water Softener,https://www.springwellwater.com/product/water-softeners/salt-water-softeners/?oid=9&affid=40
Water Filter and Salt Based Water Softener,https://www.springwellwater.com/product/dual-systems/water-filter-salt-softener/?oid=10&affid=40
Reverse Osmosis System,https://www.springwellwater.com/product/under-counter-filtration/moen-reverse-osmosis-water-filtration-system/?oid=11&affid=40
UV Water Purification,https://www.springwellwater.com/product/uv-systems/uv-water-purification/?oid=12&affid=40
Spin Down Sediment Filter,https://www.springwellwater.com/product/replacements/spin-down-sediment-filter/?oid=13&affid=40
ULTRA Whole House Well Water Filter,https://www.springwellwater.com/product/well-water/ultra-whole-house-well-water-filter-system-combo/?oid=14&affid=40
Well Water Filter Category,https://www.springwellwater.com/product-category/well-water?oid=15&affid=40
Water Softener Category Page,https://www.springwellwater.com/product-category/water-softeners?oid=16&affid=40
Home Page,https://www.springwellwater.com?oid=17&affid=40
Calcite pH Neutralizer,https://www.springwellwater.com/product/well-water/calcite-ph-neutralizer/?oid=18&affid=40
Chemical Injection System,https://www.springwellwater.com/product/well-water/chemical-injection-system/?oid=19&affid=40
Tannin Softener System,https://www.springwellwater.com/product/water-filters/tannin-softener-system/?oid=20&affid=40
2 in 1 Filter & Salt Softener Combo,https://www.springwellwater.com/product/dual-systems/2-in-1-filter-salt-softener-combo-system/?oid=21&affid=40
ULTRA Whole House Well Water Filter Salt Based System Combo,https://www.springwellwater.com/product/well-water/ultra-whole-house-well-water-filter-salt-based-system-combo/?oid=22&affid=40
Sediment Filter Canister + 5 Micron,https://www.springwellwater.com/product/replacements/pre-filter-canister-5-micron-filter/?oid=23&affid=40
Springwell Home Page,https://www.springwellwater.com/?oid=24&affid=40
List of All Products,https://www.springwellwater.com/shop/?oid=25&affid=40
Replacement Filter,https://www.springwellwater.com/product/replacements/5-micron-sediment-filters-with-o-rings-and-lube-2-pack/?oid=26&affid=40
Whole House Carbon Cartridge System,https://www.springwellwater.com/product/water-filters/whole-house-cartridge-system/?oid=27&affid=40
Whole House Carbon vs. Cartridge Comparison Page,https://www.springwellwater.com/whole-house-carbon-filter-vs-cartridge-filter-compared/?oid=28&affid=40
Flo Smart Water Monitor & Shutoff,https://www.springwellwater.com/product/smart-water/flo-smart-water-monitor-shutoff/?oid=29&affid=40
Customer Review Page,https://www.springwellwater.com/reviews/?oid=30&affid=40
Filter Comparison Page,https://www.springwellwater.com/whole-house-carbon-filter-vs-cartridge-filter-compared/?oid=31&affid=40
FutureSoft Salt Free Conditioner,https://www.springwellwater.com/product/water-softeners/salt-free-water-softeners/?oid=33&affid=40
Moen RO Filtration System,https://www.springwellwater.com/product/under-sink-filtration/moen-reverse-osmosis-water-filtration-system/?oid=34&affid=40
Moen RO and Sip Bundle,https://www.springwellwater.com/product/under-sink-filtration/moen-reverse-osmosis-water-filtration-system-with-sip-faucet-bundle/?oid=36&affid=40
PFAS Water Filter System,https://www.springwellwater.com/product/water-filters/whole-home-pfas-filter/?oid=37&affid=40
